# Tools the build needs FROM THE HOST, because vcpkg cannot download
# them on Linux at all. GENERATED by emit_vcpkg_bazel.py --host-tools.
#
# NOT the same class as vcpkg_tool_assets.tsv. Those are tools vcpkg
# fetches for itself, and the fix there was a pin. For these,
# vcpkg_find_acquire_program(<X>) has download URLs ONLY inside its
# `if(CMAKE_HOST_WIN32)` branch -- on Linux it probes the host and
# hard-fails with 'Could not find <x>'. There is no URL to pin, so this
# file does not pretend to close the gap: it NAMES the gap, and
# vcpkg_build.sh checks the whole list up front so a machine missing
# three tools is told about three tools in one second, rather than one
# per 20-minute build (nasm surfaced from libvpx at minute ~20).
#
# An empty BINARY means the package ships no executable to probe for
# (autoconf-archive is m4 macros), so the preflight can only name it.
#
# binary-or-alternatives	apt-package	ports-that-need-it
autoreconf|autoconf	autoconf	vcpkg-make
-	autoconf-archive	vcpkg-make
aclocal|automake	automake	vcpkg-make
-	libltdl-dev	vcpkg-make
libtoolize|glibtoolize	libtool	vcpkg-make
nasm	nasm	dav1d,ffmpeg,libjpeg-turbo,libvpx,openh264
perl	perl	libvpx,openssl
pkg-config	pkg-config	curl,ffmpeg,libavif,libxml2,vcpkg-make,vcpkg-tool-meson
python3	python3	icu,skia,vcpkg-gn,vcpkg-tool-meson
