# vcpkg's OWN host tools, pinned from its scripts/vcpkg-tools.json at the
# builtin-baseline. GENERATED by emit_vcpkg_bazel.py --capture-tools.
#
# Separate from vcpkg_assets.tsv because the asset capture CANNOT see
# these: vcpkg_find_acquire_program probes the host first, so a tool the
# capturing machine already has is never downloaded and never captured.
# That is how ninja went unpinned -- the capturing machine had
# /usr/bin/ninja at exactly the required version -- while cmake was pinned
# only because the host's was too old. What a pin contains must not depend
# on what happens to be installed on one machine.
#
# url	sha512	filename-vcpkg-looks-for
https://github.com/Kitware/CMake/releases/download/v4.4.0/cmake-4.4.0-linux-x86_64.tar.gz	3df4aaa128a438ed48dcac7065fd355ff538eed8f394491298d0db63a891d671da247c8fa262e4fa6bf99429d630abab317d5a0248168fe203d1ca4978dab4da	cmake-4.4.0-linux-x86_64.tar.gz
https://github.com/ninja-build/ninja/releases/download/v1.13.2/ninja-linux.zip	714b900cf10b7ecb1b641c91f4ef696250c64984e5955a8088e4a538d6e8077f43e55f6da47efcedbe316c68d51a9e98feff51734eb0eac1b17aa85af5698753	ninja-linux-1.13.2.zip
